-- --------------------------------------------------------
-- Servidor:                     localhost
-- Versão do servidor:           10.2.6-MariaDB-log - mariadb.org binary distribution
-- OS do Servidor:               Win64
-- HeidiSQL Versão:              10.2.0.5599
-- --------------------------------------------------------

/*!40101 SET @OLD_CHARACTER_SET_CLIENT=@@CHARACTER_SET_CLIENT */;
/*!40101 SET NAMES utf8 */;
/*!50503 SET NAMES utf8mb4 */;
/*!40014 SET @OLD_FOREIGN_KEY_CHECKS=@@FOREIGN_KEY_CHECKS, FOREIGN_KEY_CHECKS=0 */;
/*!40101 SET @OLD_SQL_MODE=@@SQL_MODE, SQL_MODE='NO_AUTO_VALUE_ON_ZERO' */;


-- Copiando estrutura do banco de dados para devbarber
CREATE DATABASE IF NOT EXISTS `devbarber` /*!40100 DEFAULT CHARACTER SET utf8mb4 COLLATE utf8mb4_unicode_ci */;
USE `devbarber`;

-- Copiando estrutura para tabela devbarber.barberavailability
CREATE TABLE IF NOT EXISTS `barberavailability` (
  `id` bigint(20) unsigned NOT NULL AUTO_INCREMENT,
  `id_barber` int(11) NOT NULL,
  `weekday` int(11) NOT NULL,
  `hours` text COLLATE utf8mb4_unicode_ci NOT NULL,
  PRIMARY KEY (`id`)
) ENGINE=InnoDB AUTO_INCREMENT=181 DEFAULT CHARSET=utf8mb4 COLLATE=utf8mb4_unicode_ci;

-- Copiando dados para a tabela devbarber.barberavailability: ~180 rows (aproximadamente)
/*!40000 ALTER TABLE `barberavailability` DISABLE KEYS */;
INSERT INTO `barberavailability` (`id`, `id_barber`, `weekday`, `hours`) VALUES
	(1, 1, 0, '08:00,09:00,10:00,11:00,12:00,13:00,14:00,15:00'),
	(2, 1, 1, '10:00,11:00,12:00,13:00,14:00,15:00,16:00,17:00'),
	(3, 1, 2, '07:00,08:00,09:00,10:00,11:00,12:00,13:00,14:00'),
	(4, 1, 3, '09:00,10:00,11:00,12:00,13:00,14:00,15:00,16:00'),
	(5, 2, 0, '09:00,10:00,11:00,12:00,13:00,14:00,15:00,16:00'),
	(6, 2, 1, '08:00,09:00,10:00,11:00,12:00,13:00,14:00,15:00'),
	(7, 2, 2, '09:00,10:00,11:00,12:00,13:00,14:00,15:00,16:00'),
	(8, 2, 3, '10:00,11:00,12:00,13:00,14:00,15:00,16:00,17:00'),
	(9, 3, 0, '10:00,11:00,12:00,13:00,14:00,15:00,16:00,17:00'),
	(10, 3, 1, '08:00,09:00,10:00,11:00,12:00,13:00,14:00,15:00'),
	(11, 3, 2, '07:00,08:00,09:00,10:00,11:00,12:00,13:00,14:00'),
	(12, 3, 3, '08:00,09:00,10:00,11:00,12:00,13:00,14:00,15:00'),
	(13, 4, 0, '10:00,11:00,12:00,13:00,14:00,15:00,16:00,17:00'),
	(14, 4, 1, '08:00,09:00,10:00,11:00,12:00,13:00,14:00,15:00'),
	(15, 4, 2, '10:00,11:00,12:00,13:00,14:00,15:00,16:00,17:00'),
	(16, 4, 3, '10:00,11:00,12:00,13:00,14:00,15:00,16:00,17:00'),
	(17, 5, 0, '07:00,08:00,09:00,10:00,11:00,12:00,13:00,14:00'),
	(18, 5, 1, '08:00,09:00,10:00,11:00,12:00,13:00,14:00,15:00'),
	(19, 5, 2, '07:00,08:00,09:00,10:00,11:00,12:00,13:00,14:00'),
	(20, 5, 3, '08:00,09:00,10:00,11:00,12:00,13:00,14:00,15:00'),
	(21, 6, 0, '08:00,09:00,10:00,11:00,12:00,13:00,14:00,15:00'),
	(22, 6, 1, '09:00,10:00,11:00,12:00,13:00,14:00,15:00,16:00'),
	(23, 6, 2, '10:00,11:00,12:00,13:00,14:00,15:00,16:00,17:00'),
	(24, 6, 3, '08:00,09:00,10:00,11:00,12:00,13:00,14:00,15:00'),
	(25, 7, 0, '07:00,08:00,09:00,10:00,11:00,12:00,13:00,14:00'),
	(26, 7, 1, '08:00,09:00,10:00,11:00,12:00,13:00,14:00,15:00'),
	(27, 7, 2, '07:00,08:00,09:00,10:00,11:00,12:00,13:00,14:00'),
	(28, 7, 3, '07:00,08:00,09:00,10:00,11:00,12:00,13:00,14:00'),
	(29, 8, 0, '09:00,10:00,11:00,12:00,13:00,14:00,15:00,16:00'),
	(30, 8, 1, '07:00,08:00,09:00,10:00,11:00,12:00,13:00,14:00'),
	(31, 8, 2, '07:00,08:00,09:00,10:00,11:00,12:00,13:00,14:00'),
	(32, 8, 3, '09:00,10:00,11:00,12:00,13:00,14:00,15:00,16:00'),
	(33, 9, 0, '10:00,11:00,12:00,13:00,14:00,15:00,16:00,17:00'),
	(34, 9, 1, '09:00,10:00,11:00,12:00,13:00,14:00,15:00,16:00'),
	(35, 9, 2, '08:00,09:00,10:00,11:00,12:00,13:00,14:00,15:00'),
	(36, 9, 3, '09:00,10:00,11:00,12:00,13:00,14:00,15:00,16:00'),
	(37, 10, 0, '09:00,10:00,11:00,12:00,13:00,14:00,15:00,16:00'),
	(38, 10, 1, '09:00,10:00,11:00,12:00,13:00,14:00,15:00,16:00'),
	(39, 10, 2, '09:00,10:00,11:00,12:00,13:00,14:00,15:00,16:00'),
	(40, 10, 3, '09:00,10:00,11:00,12:00,13:00,14:00,15:00,16:00'),
	(41, 11, 0, '08:00,09:00,10:00,11:00,12:00,13:00,14:00,15:00'),
	(42, 11, 1, '07:00,08:00,09:00,10:00,11:00,12:00,13:00,14:00'),
	(43, 11, 2, '08:00,09:00,10:00,11:00,12:00,13:00,14:00,15:00'),
	(44, 11, 3, '10:00,11:00,12:00,13:00,14:00,15:00,16:00,17:00'),
	(45, 12, 0, '07:00,08:00,09:00,10:00,11:00,12:00,13:00,14:00'),
	(46, 12, 1, '07:00,08:00,09:00,10:00,11:00,12:00,13:00,14:00'),
	(47, 12, 2, '10:00,11:00,12:00,13:00,14:00,15:00,16:00,17:00'),
	(48, 12, 3, '08:00,09:00,10:00,11:00,12:00,13:00,14:00,15:00'),
	(49, 13, 0, '09:00,10:00,11:00,12:00,13:00,14:00,15:00,16:00'),
	(50, 13, 1, '07:00,08:00,09:00,10:00,11:00,12:00,13:00,14:00'),
	(51, 13, 2, '09:00,10:00,11:00,12:00,13:00,14:00,15:00,16:00'),
	(52, 13, 3, '07:00,08:00,09:00,10:00,11:00,12:00,13:00,14:00'),
	(53, 14, 0, '07:00,08:00,09:00,10:00,11:00,12:00,13:00,14:00'),
	(54, 14, 1, '10:00,11:00,12:00,13:00,14:00,15:00,16:00,17:00'),
	(55, 14, 2, '07:00,08:00,09:00,10:00,11:00,12:00,13:00,14:00'),
	(56, 14, 3, '08:00,09:00,10:00,11:00,12:00,13:00,14:00,15:00'),
	(57, 15, 0, '09:00,10:00,11:00,12:00,13:00,14:00,15:00,16:00'),
	(58, 15, 1, '09:00,10:00,11:00,12:00,13:00,14:00,15:00,16:00'),
	(59, 15, 2, '08:00,09:00,10:00,11:00,12:00,13:00,14:00,15:00'),
	(60, 15, 3, '10:00,11:00,12:00,13:00,14:00,15:00,16:00,17:00'),
	(61, 16, 0, '08:00,09:00,10:00,11:00,12:00,13:00,14:00,15:00'),
	(62, 16, 1, '10:00,11:00,12:00,13:00,14:00,15:00,16:00,17:00'),
	(63, 16, 2, '09:00,10:00,11:00,12:00,13:00,14:00,15:00,16:00'),
	(64, 16, 3, '07:00,08:00,09:00,10:00,11:00,12:00,13:00,14:00'),
	(65, 17, 0, '09:00,10:00,11:00,12:00,13:00,14:00,15:00,16:00'),
	(66, 17, 1, '08:00,09:00,10:00,11:00,12:00,13:00,14:00,15:00'),
	(67, 17, 2, '09:00,10:00,11:00,12:00,13:00,14:00,15:00,16:00'),
	(68, 17, 3, '10:00,11:00,12:00,13:00,14:00,15:00,16:00,17:00'),
	(69, 18, 0, '07:00,08:00,09:00,10:00,11:00,12:00,13:00,14:00'),
	(70, 18, 1, '07:00,08:00,09:00,10:00,11:00,12:00,13:00,14:00'),
	(71, 18, 2, '09:00,10:00,11:00,12:00,13:00,14:00,15:00,16:00'),
	(72, 18, 3, '07:00,08:00,09:00,10:00,11:00,12:00,13:00,14:00'),
	(73, 19, 0, '10:00,11:00,12:00,13:00,14:00,15:00,16:00,17:00'),
	(74, 19, 1, '10:00,11:00,12:00,13:00,14:00,15:00,16:00,17:00'),
	(75, 19, 2, '10:00,11:00,12:00,13:00,14:00,15:00,16:00,17:00'),
	(76, 19, 3, '10:00,11:00,12:00,13:00,14:00,15:00,16:00,17:00'),
	(77, 20, 0, '09:00,10:00,11:00,12:00,13:00,14:00,15:00,16:00'),
	(78, 20, 1, '09:00,10:00,11:00,12:00,13:00,14:00,15:00,16:00'),
	(79, 20, 2, '09:00,10:00,11:00,12:00,13:00,14:00,15:00,16:00'),
	(80, 20, 3, '07:00,08:00,09:00,10:00,11:00,12:00,13:00,14:00'),
	(81, 21, 0, '09:00,10:00,11:00,12:00,13:00,14:00,15:00,16:00'),
	(82, 21, 1, '10:00,11:00,12:00,13:00,14:00,15:00,16:00,17:00'),
	(83, 21, 2, '08:00,09:00,10:00,11:00,12:00,13:00,14:00,15:00'),
	(84, 21, 3, '07:00,08:00,09:00,10:00,11:00,12:00,13:00,14:00'),
	(85, 22, 0, '07:00,08:00,09:00,10:00,11:00,12:00,13:00,14:00'),
	(86, 22, 1, '09:00,10:00,11:00,12:00,13:00,14:00,15:00,16:00'),
	(87, 22, 2, '08:00,09:00,10:00,11:00,12:00,13:00,14:00,15:00'),
	(88, 22, 3, '09:00,10:00,11:00,12:00,13:00,14:00,15:00,16:00'),
	(89, 23, 0, '09:00,10:00,11:00,12:00,13:00,14:00,15:00,16:00'),
	(90, 23, 1, '09:00,10:00,11:00,12:00,13:00,14:00,15:00,16:00'),
	(91, 23, 2, '08:00,09:00,10:00,11:00,12:00,13:00,14:00,15:00'),
	(92, 23, 3, '10:00,11:00,12:00,13:00,14:00,15:00,16:00,17:00'),
	(93, 24, 0, '07:00,08:00,09:00,10:00,11:00,12:00,13:00,14:00'),
	(94, 24, 1, '07:00,08:00,09:00,10:00,11:00,12:00,13:00,14:00'),
	(95, 24, 2, '08:00,09:00,10:00,11:00,12:00,13:00,14:00,15:00'),
	(96, 24, 3, '07:00,08:00,09:00,10:00,11:00,12:00,13:00,14:00'),
	(97, 25, 0, '07:00,08:00,09:00,10:00,11:00,12:00,13:00,14:00'),
	(98, 25, 1, '08:00,09:00,10:00,11:00,12:00,13:00,14:00,15:00'),
	(99, 25, 2, '10:00,11:00,12:00,13:00,14:00,15:00,16:00,17:00'),
	(100, 25, 3, '09:00,10:00,11:00,12:00,13:00,14:00,15:00,16:00'),
	(101, 26, 0, '09:00,10:00,11:00,12:00,13:00,14:00,15:00,16:00'),
	(102, 26, 1, '08:00,09:00,10:00,11:00,12:00,13:00,14:00,15:00'),
	(103, 26, 2, '10:00,11:00,12:00,13:00,14:00,15:00,16:00,17:00'),
	(104, 26, 3, '10:00,11:00,12:00,13:00,14:00,15:00,16:00,17:00'),
	(105, 27, 0, '09:00,10:00,11:00,12:00,13:00,14:00,15:00,16:00'),
	(106, 27, 1, '07:00,08:00,09:00,10:00,11:00,12:00,13:00,14:00'),
	(107, 27, 2, '08:00,09:00,10:00,11:00,12:00,13:00,14:00,15:00'),
	(108, 27, 3, '07:00,08:00,09:00,10:00,11:00,12:00,13:00,14:00'),
	(109, 28, 0, '09:00,10:00,11:00,12:00,13:00,14:00,15:00,16:00'),
	(110, 28, 1, '07:00,08:00,09:00,10:00,11:00,12:00,13:00,14:00'),
	(111, 28, 2, '10:00,11:00,12:00,13:00,14:00,15:00,16:00,17:00'),
	(112, 28, 3, '09:00,10:00,11:00,12:00,13:00,14:00,15:00,16:00'),
	(113, 29, 0, '07:00,08:00,09:00,10:00,11:00,12:00,13:00,14:00'),
	(114, 29, 1, '07:00,08:00,09:00,10:00,11:00,12:00,13:00,14:00'),
	(115, 29, 2, '10:00,11:00,12:00,13:00,14:00,15:00,16:00,17:00'),
	(116, 29, 3, '10:00,11:00,12:00,13:00,14:00,15:00,16:00,17:00'),
	(117, 30, 0, '07:00,08:00,09:00,10:00,11:00,12:00,13:00,14:00'),
	(118, 30, 1, '09:00,10:00,11:00,12:00,13:00,14:00,15:00,16:00'),
	(119, 30, 2, '10:00,11:00,12:00,13:00,14:00,15:00,16:00,17:00'),
	(120, 30, 3, '10:00,11:00,12:00,13:00,14:00,15:00,16:00,17:00'),
	(121, 31, 0, '07:00,08:00,09:00,10:00,11:00,12:00,13:00,14:00'),
	(122, 31, 1, '08:00,09:00,10:00,11:00,12:00,13:00,14:00,15:00'),
	(123, 31, 2, '08:00,09:00,10:00,11:00,12:00,13:00,14:00,15:00'),
	(124, 31, 3, '09:00,10:00,11:00,12:00,13:00,14:00,15:00,16:00'),
	(125, 32, 0, '10:00,11:00,12:00,13:00,14:00,15:00,16:00,17:00'),
	(126, 32, 1, '08:00,09:00,10:00,11:00,12:00,13:00,14:00,15:00'),
	(127, 32, 2, '08:00,09:00,10:00,11:00,12:00,13:00,14:00,15:00'),
	(128, 32, 3, '07:00,08:00,09:00,10:00,11:00,12:00,13:00,14:00'),
	(129, 33, 0, '08:00,09:00,10:00,11:00,12:00,13:00,14:00,15:00'),
	(130, 33, 1, '07:00,08:00,09:00,10:00,11:00,12:00,13:00,14:00'),
	(131, 33, 2, '07:00,08:00,09:00,10:00,11:00,12:00,13:00,14:00'),
	(132, 33, 3, '07:00,08:00,09:00,10:00,11:00,12:00,13:00,14:00'),
	(133, 34, 0, '09:00,10:00,11:00,12:00,13:00,14:00,15:00,16:00'),
	(134, 34, 1, '10:00,11:00,12:00,13:00,14:00,15:00,16:00,17:00'),
	(135, 34, 2, '10:00,11:00,12:00,13:00,14:00,15:00,16:00,17:00'),
	(136, 34, 3, '08:00,09:00,10:00,11:00,12:00,13:00,14:00,15:00'),
	(137, 35, 0, '09:00,10:00,11:00,12:00,13:00,14:00,15:00,16:00'),
	(138, 35, 1, '09:00,10:00,11:00,12:00,13:00,14:00,15:00,16:00'),
	(139, 35, 2, '07:00,08:00,09:00,10:00,11:00,12:00,13:00,14:00'),
	(140, 35, 3, '07:00,08:00,09:00,10:00,11:00,12:00,13:00,14:00'),
	(141, 36, 0, '07:00,08:00,09:00,10:00,11:00,12:00,13:00,14:00'),
	(142, 36, 1, '07:00,08:00,09:00,10:00,11:00,12:00,13:00,14:00'),
	(143, 36, 2, '07:00,08:00,09:00,10:00,11:00,12:00,13:00,14:00'),
	(144, 36, 3, '08:00,09:00,10:00,11:00,12:00,13:00,14:00,15:00'),
	(145, 37, 0, '07:00,08:00,09:00,10:00,11:00,12:00,13:00,14:00'),
	(146, 37, 1, '07:00,08:00,09:00,10:00,11:00,12:00,13:00,14:00'),
	(147, 37, 2, '09:00,10:00,11:00,12:00,13:00,14:00,15:00,16:00'),
	(148, 37, 3, '09:00,10:00,11:00,12:00,13:00,14:00,15:00,16:00'),
	(149, 38, 0, '09:00,10:00,11:00,12:00,13:00,14:00,15:00,16:00'),
	(150, 38, 1, '10:00,11:00,12:00,13:00,14:00,15:00,16:00,17:00'),
	(151, 38, 2, '07:00,08:00,09:00,10:00,11:00,12:00,13:00,14:00'),
	(152, 38, 3, '09:00,10:00,11:00,12:00,13:00,14:00,15:00,16:00'),
	(153, 39, 0, '07:00,08:00,09:00,10:00,11:00,12:00,13:00,14:00'),
	(154, 39, 1, '10:00,11:00,12:00,13:00,14:00,15:00,16:00,17:00'),
	(155, 39, 2, '08:00,09:00,10:00,11:00,12:00,13:00,14:00,15:00'),
	(156, 39, 3, '10:00,11:00,12:00,13:00,14:00,15:00,16:00,17:00'),
	(157, 40, 0, '09:00,10:00,11:00,12:00,13:00,14:00,15:00,16:00'),
	(158, 40, 1, '09:00,10:00,11:00,12:00,13:00,14:00,15:00,16:00'),
	(159, 40, 2, '07:00,08:00,09:00,10:00,11:00,12:00,13:00,14:00'),
	(160, 40, 3, '07:00,08:00,09:00,10:00,11:00,12:00,13:00,14:00'),
	(161, 41, 0, '10:00,11:00,12:00,13:00,14:00,15:00,16:00,17:00'),
	(162, 41, 1, '07:00,08:00,09:00,10:00,11:00,12:00,13:00,14:00'),
	(163, 41, 2, '10:00,11:00,12:00,13:00,14:00,15:00,16:00,17:00'),
	(164, 41, 3, '09:00,10:00,11:00,12:00,13:00,14:00,15:00,16:00'),
	(165, 42, 0, '09:00,10:00,11:00,12:00,13:00,14:00,15:00,16:00'),
	(166, 42, 1, '10:00,11:00,12:00,13:00,14:00,15:00,16:00,17:00'),
	(167, 42, 2, '10:00,11:00,12:00,13:00,14:00,15:00,16:00,17:00'),
	(168, 42, 3, '09:00,10:00,11:00,12:00,13:00,14:00,15:00,16:00'),
	(169, 43, 0, '07:00,08:00,09:00,10:00,11:00,12:00,13:00,14:00'),
	(170, 43, 1, '08:00,09:00,10:00,11:00,12:00,13:00,14:00,15:00'),
	(171, 43, 2, '07:00,08:00,09:00,10:00,11:00,12:00,13:00,14:00'),
	(172, 43, 3, '08:00,09:00,10:00,11:00,12:00,13:00,14:00,15:00'),
	(173, 44, 0, '08:00,09:00,10:00,11:00,12:00,13:00,14:00,15:00'),
	(174, 44, 1, '08:00,09:00,10:00,11:00,12:00,13:00,14:00,15:00'),
	(175, 44, 2, '10:00,11:00,12:00,13:00,14:00,15:00,16:00,17:00'),
	(176, 44, 3, '07:00,08:00,09:00,10:00,11:00,12:00,13:00,14:00'),
	(177, 45, 0, '08:00,09:00,10:00,11:00,12:00,13:00,14:00,15:00'),
	(178, 45, 1, '09:00,10:00,11:00,12:00,13:00,14:00,15:00,16:00'),
	(179, 45, 2, '10:00,11:00,12:00,13:00,14:00,15:00,16:00,17:00'),
	(180, 45, 3, '10:00,11:00,12:00,13:00,14:00,15:00,16:00,17:00');
/*!40000 ALTER TABLE `barberavailability` ENABLE KEYS */;

-- Copiando estrutura para tabela devbarber.barberphotos
CREATE TABLE IF NOT EXISTS `barberphotos` (
  `id` bigint(20) unsigned NOT NULL AUTO_INCREMENT,
  `id_barber` int(11) NOT NULL,
  `url` varchar(255) COLLATE utf8mb4_unicode_ci NOT NULL,
  PRIMARY KEY (`id`)
) ENGINE=InnoDB AUTO_INCREMENT=181 DEFAULT CHARSET=utf8mb4 COLLATE=utf8mb4_unicode_ci;

-- Copiando dados para a tabela devbarber.barberphotos: ~180 rows (aproximadamente)
/*!40000 ALTER TABLE `barberphotos` DISABLE KEYS */;
INSERT INTO `barberphotos` (`id`, `id_barber`, `url`) VALUES
	(1, 1, '1.png'),
	(2, 1, '5.png'),
	(3, 1, '4.png'),
	(4, 1, '5.png'),
	(5, 2, '5.png'),
	(6, 2, '5.png'),
	(7, 2, '4.png'),
	(8, 2, '1.png'),
	(9, 3, '4.png'),
	(10, 3, '4.png'),
	(11, 3, '1.png'),
	(12, 3, '1.png'),
	(13, 4, '3.png'),
	(14, 4, '2.png'),
	(15, 4, '3.png'),
	(16, 4, '1.png'),
	(17, 5, '2.png'),
	(18, 5, '4.png'),
	(19, 5, '3.png'),
	(20, 5, '1.png'),
	(21, 6, '5.png'),
	(22, 6, '5.png'),
	(23, 6, '1.png'),
	(24, 6, '3.png'),
	(25, 7, '4.png'),
	(26, 7, '3.png'),
	(27, 7, '2.png'),
	(28, 7, '2.png'),
	(29, 8, '3.png'),
	(30, 8, '1.png'),
	(31, 8, '3.png'),
	(32, 8, '4.png'),
	(33, 9, '2.png'),
	(34, 9, '1.png'),
	(35, 9, '5.png'),
	(36, 9, '1.png'),
	(37, 10, '5.png'),
	(38, 10, '2.png'),
	(39, 10, '4.png'),
	(40, 10, '5.png'),
	(41, 11, '3.png'),
	(42, 11, '1.png'),
	(43, 11, '4.png'),
	(44, 11, '3.png'),
	(45, 12, '3.png'),
	(46, 12, '4.png'),
	(47, 12, '3.png'),
	(48, 12, '4.png'),
	(49, 13, '1.png'),
	(50, 13, '5.png'),
	(51, 13, '1.png'),
	(52, 13, '2.png'),
	(53, 14, '2.png'),
	(54, 14, '5.png'),
	(55, 14, '2.png'),
	(56, 14, '4.png'),
	(57, 15, '2.png'),
	(58, 15, '5.png'),
	(59, 15, '3.png'),
	(60, 15, '1.png'),
	(61, 16, '1.png'),
	(62, 16, '3.png'),
	(63, 16, '1.png'),
	(64, 16, '1.png'),
	(65, 17, '5.png'),
	(66, 17, '3.png'),
	(67, 17, '3.png'),
	(68, 17, '1.png'),
	(69, 18, '1.png'),
	(70, 18, '3.png'),
	(71, 18, '3.png'),
	(72, 18, '5.png'),
	(73, 19, '1.png'),
	(74, 19, '1.png'),
	(75, 19, '2.png'),
	(76, 19, '2.png'),
	(77, 20, '5.png'),
	(78, 20, '5.png'),
	(79, 20, '3.png'),
	(80, 20, '2.png'),
	(81, 21, '5.png'),
	(82, 21, '2.png'),
	(83, 21, '2.png'),
	(84, 21, '5.png'),
	(85, 22, '1.png'),
	(86, 22, '4.png'),
	(87, 22, '4.png'),
	(88, 22, '3.png'),
	(89, 23, '1.png'),
	(90, 23, '4.png'),
	(91, 23, '5.png'),
	(92, 23, '5.png'),
	(93, 24, '3.png'),
	(94, 24, '3.png'),
	(95, 24, '2.png'),
	(96, 24, '2.png'),
	(97, 25, '3.png'),
	(98, 25, '4.png'),
	(99, 25, '5.png'),
	(100, 25, '3.png'),
	(101, 26, '4.png'),
	(102, 26, '2.png'),
	(103, 26, '1.png'),
	(104, 26, '1.png'),
	(105, 27, '4.png'),
	(106, 27, '1.png'),
	(107, 27, '4.png'),
	(108, 27, '3.png'),
	(109, 28, '2.png'),
	(110, 28, '3.png'),
	(111, 28, '1.png'),
	(112, 28, '1.png'),
	(113, 29, '2.png'),
	(114, 29, '3.png'),
	(115, 29, '3.png'),
	(116, 29, '2.png'),
	(117, 30, '3.png'),
	(118, 30, '2.png'),
	(119, 30, '4.png'),
	(120, 30, '5.png'),
	(121, 31, '5.png'),
	(122, 31, '5.png'),
	(123, 31, '5.png'),
	(124, 31, '5.png'),
	(125, 32, '2.png'),
	(126, 32, '1.png'),
	(127, 32, '1.png'),
	(128, 32, '1.png'),
	(129, 33, '5.png'),
	(130, 33, '3.png'),
	(131, 33, '1.png'),
	(132, 33, '1.png'),
	(133, 34, '5.png'),
	(134, 34, '3.png'),
	(135, 34, '5.png'),
	(136, 34, '1.png'),
	(137, 35, '5.png'),
	(138, 35, '5.png'),
	(139, 35, '3.png'),
	(140, 35, '3.png'),
	(141, 36, '1.png'),
	(142, 36, '3.png'),
	(143, 36, '5.png'),
	(144, 36, '2.png'),
	(145, 37, '5.png'),
	(146, 37, '5.png'),
	(147, 37, '5.png'),
	(148, 37, '4.png'),
	(149, 38, '3.png'),
	(150, 38, '4.png'),
	(151, 38, '3.png'),
	(152, 38, '2.png'),
	(153, 39, '3.png'),
	(154, 39, '2.png'),
	(155, 39, '1.png'),
	(156, 39, '1.png'),
	(157, 40, '4.png'),
	(158, 40, '2.png'),
	(159, 40, '5.png'),
	(160, 40, '5.png'),
	(161, 41, '3.png'),
	(162, 41, '3.png'),
	(163, 41, '1.png'),
	(164, 41, '4.png'),
	(165, 42, '4.png'),
	(166, 42, '5.png'),
	(167, 42, '4.png'),
	(168, 42, '4.png'),
	(169, 43, '5.png'),
	(170, 43, '1.png'),
	(171, 43, '2.png'),
	(172, 43, '2.png'),
	(173, 44, '2.png'),
	(174, 44, '4.png'),
	(175, 44, '4.png'),
	(176, 44, '5.png'),
	(177, 45, '3.png'),
	(178, 45, '5.png'),
	(179, 45, '4.png'),
	(180, 45, '1.png');
/*!40000 ALTER TABLE `barberphotos` ENABLE KEYS */;

-- Copiando estrutura para tabela devbarber.barberreviews
CREATE TABLE IF NOT EXISTS `barberreviews` (
  `id` bigint(20) unsigned NOT NULL AUTO_INCREMENT,
  `id_barber` int(11) NOT NULL,
  `url` varchar(255) COLLATE utf8mb4_unicode_ci NOT NULL,
  `rate` double(8,2) NOT NULL,
  PRIMARY KEY (`id`)
) ENGINE=InnoDB DEFAULT CHARSET=utf8mb4 COLLATE=utf8mb4_unicode_ci;

-- Copiando dados para a tabela devbarber.barberreviews: ~0 rows (aproximadamente)
/*!40000 ALTER TABLE `barberreviews` DISABLE KEYS */;
/*!40000 ALTER TABLE `barberreviews` ENABLE KEYS */;

-- Copiando estrutura para tabela devbarber.barbers
CREATE TABLE IF NOT EXISTS `barbers` (
  `id` bigint(20) unsigned NOT NULL AUTO_INCREMENT,
  `name` varchar(255) COLLATE utf8mb4_unicode_ci NOT NULL,
  `avatar` varchar(255) COLLATE utf8mb4_unicode_ci NOT NULL DEFAULT 'default.png',
  `stars` double(8,2) NOT NULL DEFAULT 0.00,
  `latitude` varchar(255) COLLATE utf8mb4_unicode_ci DEFAULT NULL,
  `longitude` varchar(255) COLLATE utf8mb4_unicode_ci DEFAULT NULL,
  PRIMARY KEY (`id`)
) ENGINE=InnoDB AUTO_INCREMENT=46 DEFAULT CHARSET=utf8mb4 COLLATE=utf8mb4_unicode_ci;

-- Copiando dados para a tabela devbarber.barbers: ~45 rows (aproximadamente)
/*!40000 ALTER TABLE `barbers` DISABLE KEYS */;
INSERT INTO `barbers` (`id`, `name`, `avatar`, `stars`, `latitude`, `longitude`) VALUES
	(1, 'Pedro Limiro', '1.png', 4.50, '-23.5330907', '-46.6282759'),
	(2, 'José Limoeiro', '1.png', 3.10, '-23.5830907', '-46.6482759'),
	(3, 'Leticia Santos', '2.png', 4.20, '-23.5230907', '-46.6082759'),
	(4, 'Gabriela Limoeiro', '1.png', 2.80, '-23.5430907', '-46.6682759'),
	(5, 'Gabriel Santos', '3.png', 2.40, '-23.5130907', '-46.6982759'),
	(6, 'Gabriela Alvaro', '2.png', 3.60, '-23.5430907', '-46.6282759'),
	(7, 'Jeremias Mimoza', '1.png', 2.50, '-23.5330907', '-46.6982759'),
	(8, 'Jeremias Santos', '3.png', 3.60, '-23.5830907', '-46.6282759'),
	(9, 'Dirce Diogo', '4.png', 3.30, '-23.5030907', '-46.6482759'),
	(10, 'Leticia Josefa', '3.png', 4.90, '-23.5830907', '-46.6582759'),
	(11, 'Luiz Mimoza', '1.png', 3.80, '-23.5030907', '-46.6882759'),
	(12, 'Pedro Sousa', '1.png', 3.50, '-23.5630907', '-46.6282759'),
	(13, 'Thais Santos', '2.png', 2.80, '-23.5230907', '-46.6082759'),
	(14, 'Leticia Silva', '4.png', 2.00, '-23.5230907', '-46.6782759'),
	(15, 'Jeremias Limiro', '2.png', 4.50, '-23.5930907', '-46.6182759'),
	(16, 'Diogo Mimoza', '2.png', 3.30, '-23.5030907', '-46.6482759'),
	(17, 'Marcelo Diniz', '1.png', 4.10, '-23.5530907', '-46.6882759'),
	(18, 'Francisco Diogo', '2.png', 3.00, '-23.5530907', '-46.6382759'),
	(19, 'Diogo Silva', '1.png', 2.20, '-23.5630907', '-46.6182759'),
	(20, 'Gabriela Mimoza', '1.png', 3.40, '-23.5330907', '-46.6782759'),
	(21, 'Jeremias Limiro', '4.png', 3.90, '-23.5130907', '-46.6282759'),
	(22, 'Gabriela Diogo', '3.png', 3.00, '-23.5230907', '-46.6182759'),
	(23, 'Paulo Santos', '1.png', 4.10, '-23.5630907', '-46.6482759'),
	(24, 'Leticia Diogo', '1.png', 3.10, '-23.5730907', '-46.6282759'),
	(25, 'Marcelo Diniz', '4.png', 3.40, '-23.5530907', '-46.6482759'),
	(26, 'Luiz Silva', '2.png', 3.50, '-23.5030907', '-46.6882759'),
	(27, 'Diogo Silva', '4.png', 4.70, '-23.5130907', '-46.6282759'),
	(28, 'Dirce Limoeiro', '4.png', 2.40, '-23.5130907', '-46.6082759'),
	(29, 'Amanda Limiro', '2.png', 4.30, '-23.5530907', '-46.6782759'),
	(30, 'Pedro Mimoza', '2.png', 4.10, '-23.5930907', '-46.6882759'),
	(31, 'Luiz Diogo', '2.png', 4.30, '-23.5630907', '-46.6982759'),
	(32, 'Marcelo Silva', '4.png', 3.00, '-23.5930907', '-46.6382759'),
	(33, 'Luiz Silva', '2.png', 3.50, '-23.5930907', '-46.6782759'),
	(34, 'Jeremias Diogo', '1.png', 4.20, '-23.5230907', '-46.6282759'),
	(35, 'José Limiro', '4.png', 3.70, '-23.5730907', '-46.6482759'),
	(36, 'Dirce Mimoza', '2.png', 4.70, '-23.5330907', '-46.6182759'),
	(37, 'Luiz Santos', '1.png', 2.60, '-23.5530907', '-46.6982759'),
	(38, 'Gabriela Santos', '3.png', 3.90, '-23.5930907', '-46.6082759'),
	(39, 'Gabriela Santos', '2.png', 3.50, '-23.5630907', '-46.6082759'),
	(40, 'José Santos', '3.png', 4.10, '-23.5330907', '-46.6382759'),
	(41, 'Boniek Luiz', '4.png', 2.90, '-23.5530907', '-46.6382759'),
	(42, 'Dirce Limoeiro', '3.png', 3.50, '-23.5030907', '-46.6882759'),
	(43, 'Boniek Diogo', '2.png', 2.40, '-23.5530907', '-46.6682759'),
	(44, 'Gabriel Santos', '4.png', 4.50, '-23.5730907', '-46.6782759'),
	(45, 'Diogo Josefa', '3.png', 3.30, '-23.5530907', '-46.6282759');
/*!40000 ALTER TABLE `barbers` ENABLE KEYS */;

-- Copiando estrutura para tabela devbarber.barberservices
CREATE TABLE IF NOT EXISTS `barberservices` (
  `id` bigint(20) unsigned NOT NULL AUTO_INCREMENT,
  `id_barber` int(11) NOT NULL,
  `name` varchar(255) COLLATE utf8mb4_unicode_ci NOT NULL,
  `price` double(8,2) NOT NULL,
  PRIMARY KEY (`id`)
) ENGINE=InnoDB AUTO_INCREMENT=203 DEFAULT CHARSET=utf8mb4 COLLATE=utf8mb4_unicode_ci;

-- Copiando dados para a tabela devbarber.barberservices: ~202 rows (aproximadamente)
/*!40000 ALTER TABLE `barberservices` DISABLE KEYS */;
INSERT INTO `barberservices` (`id`, `id_barber`, `name`, `price`) VALUES
	(1, 1, 'Unha de Pernas', 30.62),
	(2, 1, 'Pintura de Pernas', 4.57),
	(3, 1, 'Corte de Corte Feminino', 61.61),
	(4, 1, 'Progressiva de Pernas', 18.89),
	(5, 2, 'Progressiva de Progressiva', 35.62),
	(6, 2, 'Aparação de Progressiva', 13.76),
	(7, 2, 'Progressiva de Corte Feminino', 85.50),
	(8, 2, 'Corte de Cabelo', 84.45),
	(9, 2, 'Limpeza de Pele de Progressiva', 61.00),
	(10, 2, 'Limpeza de Pele de Pernas', 90.93),
	(11, 3, 'Unha de Corte Feminino', 97.65),
	(12, 3, 'Progressiva de Corte Feminino', 48.23),
	(13, 3, 'Progressiva de Pernas', 86.94),
	(14, 3, 'Pintura de Limpeza de Pele', 72.97),
	(15, 3, 'Aparação de Pernas', 87.87),
	(16, 4, 'Progressiva de Cabelo', 10.51),
	(17, 4, 'Unha de Pernas', 93.80),
	(18, 4, 'Corte de Pernas', 28.73),
	(19, 4, 'Unha de Corte Feminino', 37.71),
	(20, 4, 'Progressiva de Pernas', 36.46),
	(21, 5, 'Pintura de Limpeza de Pele', 9.55),
	(22, 5, 'Corte Feminino de Corte Feminino', 8.83),
	(23, 5, 'Aparação de Limpeza de Pele', 72.42),
	(24, 6, 'Unha de Progressiva', 32.10),
	(25, 6, 'Pintura de Progressiva', 9.51),
	(26, 6, 'Corte Feminino de Unha', 25.47),
	(27, 6, 'Limpeza de Pele de Limpeza de Pele', 88.27),
	(28, 6, 'Corte Feminino de Cabelo', 65.63),
	(29, 6, 'Corte Feminino de Cabelo', 11.14),
	(30, 7, 'Corte Feminino de Cabelo', 40.26),
	(31, 7, 'Aparação de Cabelo', 96.48),
	(32, 7, 'Pintura de Corte Feminino', 11.20),
	(33, 7, 'Limpeza de Pele de Pernas', 45.38),
	(34, 7, 'Corte Feminino de Progressiva', 15.86),
	(35, 8, 'Limpeza de Pele de Cabelo', 10.84),
	(36, 8, 'Pintura de Pernas', 97.15),
	(37, 8, 'Unha de Unha', 77.66),
	(38, 8, 'Aparação de Limpeza de Pele', 68.44),
	(39, 9, 'Limpeza de Pele de Pernas', 42.89),
	(40, 9, 'Aparação de Pernas', 68.61),
	(41, 9, 'Progressiva de Pernas', 18.90),
	(42, 9, 'Corte Feminino de Cabelo', 33.28),
	(43, 10, 'Corte Feminino de Cabelo', 91.80),
	(44, 10, 'Unha de Cabelo', 29.10),
	(45, 10, 'Progressiva de Corte Feminino', 45.21),
	(46, 10, 'Limpeza de Pele de Cabelo', 6.50),
	(47, 11, 'Unha de Limpeza de Pele', 7.56),
	(48, 11, 'Aparação de Limpeza de Pele', 38.10),
	(49, 11, 'Pintura de Progressiva', 95.60),
	(50, 11, 'Corte de Pernas', 55.87),
	(51, 11, 'Corte de Pernas', 7.60),
	(52, 12, 'Pintura de Pernas', 18.17),
	(53, 12, 'Limpeza de Pele de Pernas', 64.65),
	(54, 12, 'Limpeza de Pele de Limpeza de Pele', 60.80),
	(55, 13, 'Unha de Corte Feminino', 40.60),
	(56, 13, 'Corte de Pernas', 31.60),
	(57, 13, 'Pintura de Limpeza de Pele', 93.46),
	(58, 13, 'Pintura de Corte Feminino', 37.36),
	(59, 13, 'Corte Feminino de Limpeza de Pele', 39.55),
	(60, 13, 'Pintura de Corte Feminino', 58.33),
	(61, 14, 'Pintura de Pernas', 92.74),
	(62, 14, 'Corte de Unha', 66.21),
	(63, 14, 'Pintura de Limpeza de Pele', 18.31),
	(64, 14, 'Unha de Cabelo', 92.70),
	(65, 14, 'Progressiva de Unha', 13.93),
	(66, 15, 'Unha de Corte Feminino', 27.34),
	(67, 15, 'Aparação de Unha', 84.59),
	(68, 15, 'Aparação de Pernas', 34.16),
	(69, 15, 'Corte de Unha', 15.74),
	(70, 15, 'Pintura de Limpeza de Pele', 29.69),
	(71, 16, 'Progressiva de Unha', 78.20),
	(72, 16, 'Pintura de Pernas', 25.37),
	(73, 16, 'Aparação de Pernas', 99.67),
	(74, 16, 'Progressiva de Progressiva', 43.96),
	(75, 16, 'Progressiva de Progressiva', 24.73),
	(76, 16, 'Unha de Corte Feminino', 55.70),
	(77, 17, 'Unha de Unha', 50.39),
	(78, 17, 'Unha de Cabelo', 35.30),
	(79, 17, 'Unha de Unha', 4.81),
	(80, 18, 'Limpeza de Pele de Unha', 29.60),
	(81, 18, 'Pintura de Pernas', 45.21),
	(82, 18, 'Unha de Corte Feminino', 1.52),
	(83, 18, 'Corte Feminino de Pernas', 46.95),
	(84, 18, 'Pintura de Pernas', 64.52),
	(85, 18, 'Limpeza de Pele de Progressiva', 85.41),
	(86, 19, 'Progressiva de Corte Feminino', 12.53),
	(87, 19, 'Corte de Limpeza de Pele', 62.90),
	(88, 19, 'Corte de Cabelo', 90.53),
	(89, 19, 'Corte Feminino de Unha', 45.10),
	(90, 20, 'Corte de Unha', 91.46),
	(91, 20, 'Corte Feminino de Pernas', 27.84),
	(92, 20, 'Progressiva de Pernas', 21.32),
	(93, 21, 'Pintura de Progressiva', 72.58),
	(94, 21, 'Aparação de Cabelo', 44.33),
	(95, 21, 'Unha de Limpeza de Pele', 20.40),
	(96, 22, 'Unha de Pernas', 79.83),
	(97, 22, 'Limpeza de Pele de Unha', 66.63),
	(98, 22, 'Unha de Cabelo', 99.32),
	(99, 22, 'Corte de Unha', 81.40),
	(100, 22, 'Progressiva de Progressiva', 76.63),
	(101, 22, 'Limpeza de Pele de Limpeza de Pele', 97.25),
	(102, 23, 'Corte de Cabelo', 26.50),
	(103, 23, 'Progressiva de Pernas', 68.76),
	(104, 23, 'Corte de Corte Feminino', 5.75),
	(105, 23, 'Aparação de Progressiva', 51.17),
	(106, 23, 'Corte de Unha', 38.33),
	(107, 23, 'Limpeza de Pele de Corte Feminino', 39.17),
	(108, 24, 'Corte Feminino de Corte Feminino', 53.12),
	(109, 24, 'Pintura de Unha', 21.94),
	(110, 24, 'Aparação de Pernas', 62.40),
	(111, 24, 'Progressiva de Progressiva', 47.53),
	(112, 25, 'Limpeza de Pele de Pernas', 35.68),
	(113, 25, 'Unha de Progressiva', 44.59),
	(114, 25, 'Unha de Cabelo', 19.26),
	(115, 25, 'Limpeza de Pele de Limpeza de Pele', 77.10),
	(116, 26, 'Limpeza de Pele de Unha', 56.90),
	(117, 26, 'Unha de Progressiva', 32.92),
	(118, 26, 'Limpeza de Pele de Pernas', 16.26),
	(119, 26, 'Pintura de Limpeza de Pele', 58.75),
	(120, 26, 'Progressiva de Unha', 99.10),
	(121, 27, 'Pintura de Corte Feminino', 61.25),
	(122, 27, 'Corte Feminino de Pernas', 54.96),
	(123, 27, 'Limpeza de Pele de Pernas', 44.41),
	(124, 27, 'Corte Feminino de Cabelo', 55.21),
	(125, 27, 'Progressiva de Pernas', 97.20),
	(126, 28, 'Unha de Limpeza de Pele', 93.00),
	(127, 28, 'Corte Feminino de Pernas', 9.40),
	(128, 28, 'Pintura de Progressiva', 7.21),
	(129, 29, 'Unha de Progressiva', 23.52),
	(130, 29, 'Progressiva de Pernas', 15.16),
	(131, 29, 'Unha de Progressiva', 95.37),
	(132, 29, 'Corte Feminino de Cabelo', 66.44),
	(133, 30, 'Unha de Progressiva', 52.19),
	(134, 30, 'Pintura de Corte Feminino', 96.14),
	(135, 30, 'Pintura de Corte Feminino', 68.91),
	(136, 31, 'Pintura de Unha', 26.63),
	(137, 31, 'Corte de Cabelo', 57.62),
	(138, 31, 'Progressiva de Cabelo', 83.59),
	(139, 32, 'Progressiva de Pernas', 65.25),
	(140, 32, 'Pintura de Progressiva', 74.80),
	(141, 32, 'Pintura de Progressiva', 73.76),
	(142, 32, 'Unha de Pernas', 33.96),
	(143, 32, 'Corte Feminino de Unha', 51.70),
	(144, 33, 'Corte de Corte Feminino', 95.78),
	(145, 33, 'Progressiva de Progressiva', 82.82),
	(146, 33, 'Corte de Limpeza de Pele', 69.23),
	(147, 33, 'Aparação de Unha', 2.54),
	(148, 33, 'Unha de Cabelo', 65.67),
	(149, 34, 'Aparação de Corte Feminino', 32.45),
	(150, 34, 'Limpeza de Pele de Unha', 21.22),
	(151, 34, 'Unha de Progressiva', 30.44),
	(152, 34, 'Aparação de Cabelo', 94.39),
	(153, 34, 'Corte Feminino de Unha', 21.85),
	(154, 34, 'Aparação de Cabelo', 47.43),
	(155, 35, 'Corte Feminino de Progressiva', 19.64),
	(156, 35, 'Aparação de Corte Feminino', 1.73),
	(157, 35, 'Unha de Corte Feminino', 19.30),
	(158, 35, 'Corte de Progressiva', 16.87),
	(159, 35, 'Corte de Cabelo', 37.10),
	(160, 36, 'Progressiva de Progressiva', 31.72),
	(161, 36, 'Unha de Limpeza de Pele', 59.69),
	(162, 36, 'Unha de Pernas', 22.37),
	(163, 37, 'Aparação de Limpeza de Pele', 39.58),
	(164, 37, 'Limpeza de Pele de Pernas', 79.87),
	(165, 37, 'Aparação de Limpeza de Pele', 4.72),
	(166, 37, 'Aparação de Corte Feminino', 98.23),
	(167, 38, 'Unha de Unha', 86.98),
	(168, 38, 'Limpeza de Pele de Pernas', 88.32),
	(169, 38, 'Corte de Unha', 81.89),
	(170, 38, 'Unha de Cabelo', 5.68),
	(171, 39, 'Pintura de Unha', 16.50),
	(172, 39, 'Limpeza de Pele de Cabelo', 25.93),
	(173, 39, 'Limpeza de Pele de Pernas', 61.61),
	(174, 39, 'Corte de Corte Feminino', 75.87),
	(175, 39, 'Corte de Pernas', 7.95),
	(176, 40, 'Progressiva de Corte Feminino', 63.91),
	(177, 40, 'Aparação de Unha', 94.26),
	(178, 40, 'Limpeza de Pele de Pernas', 4.69),
	(179, 41, 'Corte Feminino de Corte Feminino', 65.11),
	(180, 41, 'Limpeza de Pele de Limpeza de Pele', 25.10),
	(181, 41, 'Limpeza de Pele de Unha', 56.53),
	(182, 41, 'Unha de Unha', 6.83),
	(183, 41, 'Aparação de Limpeza de Pele', 56.25),
	(184, 41, 'Limpeza de Pele de Unha', 59.80),
	(185, 42, 'Pintura de Pernas', 47.59),
	(186, 42, 'Aparação de Unha', 36.88),
	(187, 42, 'Corte de Pernas', 17.79),
	(188, 42, 'Corte Feminino de Limpeza de Pele', 63.78),
	(189, 43, 'Aparação de Progressiva', 8.11),
	(190, 43, 'Unha de Cabelo', 61.82),
	(191, 43, 'Pintura de Limpeza de Pele', 78.29),
	(192, 43, 'Aparação de Pernas', 54.65),
	(193, 43, 'Limpeza de Pele de Cabelo', 12.33),
	(194, 44, 'Progressiva de Pernas', 60.58),
	(195, 44, 'Corte de Pernas', 49.10),
	(196, 44, 'Progressiva de Unha', 83.88),
	(197, 44, 'Corte de Corte Feminino', 47.65),
	(198, 44, 'Limpeza de Pele de Limpeza de Pele', 13.26),
	(199, 45, 'Unha de Unha', 57.40),
	(200, 45, 'Limpeza de Pele de Pernas', 35.83),
	(201, 45, 'Pintura de Unha', 43.75),
	(202, 45, 'Corte de Limpeza de Pele', 57.78);
/*!40000 ALTER TABLE `barberservices` ENABLE KEYS */;

-- Copiando estrutura para tabela devbarber.barbertestimonials
CREATE TABLE IF NOT EXISTS `barbertestimonials` (
  `id` bigint(20) unsigned NOT NULL AUTO_INCREMENT,
  `id_barber` int(11) NOT NULL,
  `name` varchar(255) COLLATE utf8mb4_unicode_ci NOT NULL,
  `rate` double(8,2) NOT NULL,
  `body` text COLLATE utf8mb4_unicode_ci NOT NULL DEFAULT '0',
  PRIMARY KEY (`id`)
) ENGINE=InnoDB AUTO_INCREMENT=136 DEFAULT CHARSET=utf8mb4 COLLATE=utf8mb4_unicode_ci;

-- Copiando dados para a tabela devbarber.barbertestimonials: ~135 rows (aproximadamente)
/*!40000 ALTER TABLE `barbertestimonials` DISABLE KEYS */;
INSERT INTO `barbertestimonials` (`id`, `id_barber`, `name`, `rate`, `body`) VALUES
	(1, 1, 'Dirce', 3.30, 'Mussum Ipsum, cacilds vidis litro abertis. Paisis, filhis, espiritis santis. Detraxit consequat et quo num tendi nada. Quem manda na minha terra sou euzis! Mé faiz elementum girarzis, nisi eros vermeio.'),
	(2, 1, 'Jeremias', 2.60, 'Mussum Ipsum, cacilds vidis litro abertis. Quem manda na minha terra sou euzis! Si u mundo tá muito paradis? Toma um mé que o mundo vai girarzis! Quem num gosta di mé, boa gentis num é. In elementis mé pra quem é amistosis quis leo.'),
	(3, 1, 'Thais', 2.30, 'Mussum Ipsum, cacilds vidis litro abertis. Quem manda na minha terra sou euzis! Si u mundo tá muito paradis? Toma um mé que o mundo vai girarzis! Quem num gosta di mé, boa gentis num é. In elementis mé pra quem é amistosis quis leo.'),
	(4, 2, 'José', 2.10, 'Mussum Ipsum, cacilds vidis litro abertis. Cevadis im ampola pa arma uma pindureta. Suco de cevadiss, é um leite divinis, qui tem lupuliz, matis, aguis e fermentis. Interagi no mé, cursus quis, vehicula ac nisi. A ordem dos tratores não altera o pão duris.'),
	(5, 2, 'Thais', 2.30, 'Mussum Ipsum, cacilds vidis litro abertis. Cevadis im ampola pa arma uma pindureta. Suco de cevadiss, é um leite divinis, qui tem lupuliz, matis, aguis e fermentis. Interagi no mé, cursus quis, vehicula ac nisi. A ordem dos tratores não altera o pão duris.'),
	(6, 2, 'Leticia', 4.30, 'Mussum Ipsum, cacilds vidis litro abertis. Paisis, filhis, espiritis santis. Detraxit consequat et quo num tendi nada. Quem manda na minha terra sou euzis! Mé faiz elementum girarzis, nisi eros vermeio.'),
	(7, 3, 'Pedro', 3.20, 'Mussum Ipsum, cacilds vidis litro abertis. Paisis, filhis, espiritis santis. Detraxit consequat et quo num tendi nada. Quem manda na minha terra sou euzis! Mé faiz elementum girarzis, nisi eros vermeio.'),
	(8, 3, 'Paulo', 3.00, 'Mussum Ipsum, cacilds vidis litro abertis. Cevadis im ampola pa arma uma pindureta. Suco de cevadiss, é um leite divinis, qui tem lupuliz, matis, aguis e fermentis. Interagi no mé, cursus quis, vehicula ac nisi. A ordem dos tratores não altera o pão duris.'),
	(9, 3, 'José', 3.40, 'Mussum Ipsum, cacilds vidis litro abertis. Paisis, filhis, espiritis santis. Detraxit consequat et quo num tendi nada. Quem manda na minha terra sou euzis! Mé faiz elementum girarzis, nisi eros vermeio.'),
	(10, 4, 'José', 3.00, 'Mussum Ipsum, cacilds vidis litro abertis. Quem manda na minha terra sou euzis! Si u mundo tá muito paradis? Toma um mé que o mundo vai girarzis! Quem num gosta di mé, boa gentis num é. In elementis mé pra quem é amistosis quis leo.'),
	(11, 4, 'Luiz', 2.80, 'Mussum Ipsum, cacilds vidis litro abertis. Paisis, filhis, espiritis santis. Detraxit consequat et quo num tendi nada. Quem manda na minha terra sou euzis! Mé faiz elementum girarzis, nisi eros vermeio.'),
	(12, 4, 'Diogo', 4.50, 'Mussum Ipsum, cacilds vidis litro abertis. Vehicula non. Ut sed ex eros. Vivamus sit amet nibh non tellus tristique interdum. Em pé sem cair, deitado sem dormir, sentado sem cochilar e fazendo pose. Atirei o pau no gatis, per gatis num morreus. Per aumento de cachacis, eu reclamis.'),
	(13, 5, 'Paulo', 3.80, 'Mussum Ipsum, cacilds vidis litro abertis. Casamentiss faiz malandris se pirulitá. A ordem dos tratores não altera o pão duris. Praesent malesuada urna nisi, quis volutpat erat hendrerit non. Nam vulputate dapibus. Si num tem leite então bota uma pinga aí cumpadi!'),
	(14, 5, 'Francisco', 2.60, 'Mussum Ipsum, cacilds vidis litro abertis. Vehicula non. Ut sed ex eros. Vivamus sit amet nibh non tellus tristique interdum. Em pé sem cair, deitado sem dormir, sentado sem cochilar e fazendo pose. Atirei o pau no gatis, per gatis num morreus. Per aumento de cachacis, eu reclamis.'),
	(15, 5, 'Dirce', 4.00, 'Mussum Ipsum, cacilds vidis litro abertis. Cevadis im ampola pa arma uma pindureta. Suco de cevadiss, é um leite divinis, qui tem lupuliz, matis, aguis e fermentis. Interagi no mé, cursus quis, vehicula ac nisi. A ordem dos tratores não altera o pão duris.'),
	(16, 6, 'Gabriel', 3.10, 'Mussum Ipsum, cacilds vidis litro abertis. Vehicula non. Ut sed ex eros. Vivamus sit amet nibh non tellus tristique interdum. Em pé sem cair, deitado sem dormir, sentado sem cochilar e fazendo pose. Atirei o pau no gatis, per gatis num morreus. Per aumento de cachacis, eu reclamis.'),
	(17, 6, 'Boniek', 2.80, 'Mussum Ipsum, cacilds vidis litro abertis. Casamentiss faiz malandris se pirulitá. A ordem dos tratores não altera o pão duris. Praesent malesuada urna nisi, quis volutpat erat hendrerit non. Nam vulputate dapibus. Si num tem leite então bota uma pinga aí cumpadi!'),
	(18, 6, 'Francisco', 4.80, 'Mussum Ipsum, cacilds vidis litro abertis. Vehicula non. Ut sed ex eros. Vivamus sit amet nibh non tellus tristique interdum. Em pé sem cair, deitado sem dormir, sentado sem cochilar e fazendo pose. Atirei o pau no gatis, per gatis num morreus. Per aumento de cachacis, eu reclamis.'),
	(19, 7, 'Marcelo', 4.10, 'Mussum Ipsum, cacilds vidis litro abertis. Cevadis im ampola pa arma uma pindureta. Suco de cevadiss, é um leite divinis, qui tem lupuliz, matis, aguis e fermentis. Interagi no mé, cursus quis, vehicula ac nisi. A ordem dos tratores não altera o pão duris.'),
	(20, 7, 'Leticia', 3.20, 'Mussum Ipsum, cacilds vidis litro abertis. Quem manda na minha terra sou euzis! Si u mundo tá muito paradis? Toma um mé que o mundo vai girarzis! Quem num gosta di mé, boa gentis num é. In elementis mé pra quem é amistosis quis leo.'),
	(21, 7, 'Gabriela', 4.30, 'Mussum Ipsum, cacilds vidis litro abertis. Cevadis im ampola pa arma uma pindureta. Suco de cevadiss, é um leite divinis, qui tem lupuliz, matis, aguis e fermentis. Interagi no mé, cursus quis, vehicula ac nisi. A ordem dos tratores não altera o pão duris.'),
	(22, 8, 'Thais', 3.30, 'Mussum Ipsum, cacilds vidis litro abertis. Paisis, filhis, espiritis santis. Detraxit consequat et quo num tendi nada. Quem manda na minha terra sou euzis! Mé faiz elementum girarzis, nisi eros vermeio.'),
	(23, 8, 'Francisco', 2.60, 'Mussum Ipsum, cacilds vidis litro abertis. Paisis, filhis, espiritis santis. Detraxit consequat et quo num tendi nada. Quem manda na minha terra sou euzis! Mé faiz elementum girarzis, nisi eros vermeio.'),
	(24, 8, 'Dirce', 4.00, 'Mussum Ipsum, cacilds vidis litro abertis. Cevadis im ampola pa arma uma pindureta. Suco de cevadiss, é um leite divinis, qui tem lupuliz, matis, aguis e fermentis. Interagi no mé, cursus quis, vehicula ac nisi. A ordem dos tratores não altera o pão duris.'),
	(25, 9, 'Pedro', 3.00, 'Mussum Ipsum, cacilds vidis litro abertis. Cevadis im ampola pa arma uma pindureta. Suco de cevadiss, é um leite divinis, qui tem lupuliz, matis, aguis e fermentis. Interagi no mé, cursus quis, vehicula ac nisi. A ordem dos tratores não altera o pão duris.'),
	(26, 9, 'José', 2.30, 'Mussum Ipsum, cacilds vidis litro abertis. Paisis, filhis, espiritis santis. Detraxit consequat et quo num tendi nada. Quem manda na minha terra sou euzis! Mé faiz elementum girarzis, nisi eros vermeio.'),
	(27, 9, 'Diogo', 3.10, 'Mussum Ipsum, cacilds vidis litro abertis. Cevadis im ampola pa arma uma pindureta. Suco de cevadiss, é um leite divinis, qui tem lupuliz, matis, aguis e fermentis. Interagi no mé, cursus quis, vehicula ac nisi. A ordem dos tratores não altera o pão duris.'),
	(28, 10, 'Gabriela', 2.50, 'Mussum Ipsum, cacilds vidis litro abertis. Paisis, filhis, espiritis santis. Detraxit consequat et quo num tendi nada. Quem manda na minha terra sou euzis! Mé faiz elementum girarzis, nisi eros vermeio.'),
	(29, 10, 'Dirce', 2.40, 'Mussum Ipsum, cacilds vidis litro abertis. Paisis, filhis, espiritis santis. Detraxit consequat et quo num tendi nada. Quem manda na minha terra sou euzis! Mé faiz elementum girarzis, nisi eros vermeio.'),
	(30, 10, 'Jeremias', 4.20, 'Mussum Ipsum, cacilds vidis litro abertis. Paisis, filhis, espiritis santis. Detraxit consequat et quo num tendi nada. Quem manda na minha terra sou euzis! Mé faiz elementum girarzis, nisi eros vermeio.'),
	(31, 11, 'Gabriela', 4.70, 'Mussum Ipsum, cacilds vidis litro abertis. Vehicula non. Ut sed ex eros. Vivamus sit amet nibh non tellus tristique interdum. Em pé sem cair, deitado sem dormir, sentado sem cochilar e fazendo pose. Atirei o pau no gatis, per gatis num morreus. Per aumento de cachacis, eu reclamis.'),
	(32, 11, 'Pedro', 2.80, 'Mussum Ipsum, cacilds vidis litro abertis. Casamentiss faiz malandris se pirulitá. A ordem dos tratores não altera o pão duris. Praesent malesuada urna nisi, quis volutpat erat hendrerit non. Nam vulputate dapibus. Si num tem leite então bota uma pinga aí cumpadi!'),
	(33, 11, 'Luiz', 4.70, 'Mussum Ipsum, cacilds vidis litro abertis. Vehicula non. Ut sed ex eros. Vivamus sit amet nibh non tellus tristique interdum. Em pé sem cair, deitado sem dormir, sentado sem cochilar e fazendo pose. Atirei o pau no gatis, per gatis num morreus. Per aumento de cachacis, eu reclamis.'),
	(34, 12, 'Gabriela', 4.90, 'Mussum Ipsum, cacilds vidis litro abertis. Paisis, filhis, espiritis santis. Detraxit consequat et quo num tendi nada. Quem manda na minha terra sou euzis! Mé faiz elementum girarzis, nisi eros vermeio.'),
	(35, 12, 'Paulo', 2.90, 'Mussum Ipsum, cacilds vidis litro abertis. Paisis, filhis, espiritis santis. Detraxit consequat et quo num tendi nada. Quem manda na minha terra sou euzis! Mé faiz elementum girarzis, nisi eros vermeio.'),
	(36, 12, 'Paulo', 3.10, 'Mussum Ipsum, cacilds vidis litro abertis. Casamentiss faiz malandris se pirulitá. A ordem dos tratores não altera o pão duris. Praesent malesuada urna nisi, quis volutpat erat hendrerit non. Nam vulputate dapibus. Si num tem leite então bota uma pinga aí cumpadi!'),
	(37, 13, 'Francisco', 2.80, 'Mussum Ipsum, cacilds vidis litro abertis. Paisis, filhis, espiritis santis. Detraxit consequat et quo num tendi nada. Quem manda na minha terra sou euzis! Mé faiz elementum girarzis, nisi eros vermeio.'),
	(38, 13, 'Marcelo', 2.00, 'Mussum Ipsum, cacilds vidis litro abertis. Quem manda na minha terra sou euzis! Si u mundo tá muito paradis? Toma um mé que o mundo vai girarzis! Quem num gosta di mé, boa gentis num é. In elementis mé pra quem é amistosis quis leo.'),
	(39, 13, 'Francisco', 3.40, 'Mussum Ipsum, cacilds vidis litro abertis. Vehicula non. Ut sed ex eros. Vivamus sit amet nibh non tellus tristique interdum. Em pé sem cair, deitado sem dormir, sentado sem cochilar e fazendo pose. Atirei o pau no gatis, per gatis num morreus. Per aumento de cachacis, eu reclamis.'),
	(40, 14, 'Diogo', 3.30, 'Mussum Ipsum, cacilds vidis litro abertis. Casamentiss faiz malandris se pirulitá. A ordem dos tratores não altera o pão duris. Praesent malesuada urna nisi, quis volutpat erat hendrerit non. Nam vulputate dapibus. Si num tem leite então bota uma pinga aí cumpadi!'),
	(41, 14, 'Pedro', 4.10, 'Mussum Ipsum, cacilds vidis litro abertis. Casamentiss faiz malandris se pirulitá. A ordem dos tratores não altera o pão duris. Praesent malesuada urna nisi, quis volutpat erat hendrerit non. Nam vulputate dapibus. Si num tem leite então bota uma pinga aí cumpadi!'),
	(42, 14, 'Pedro', 3.30, 'Mussum Ipsum, cacilds vidis litro abertis. Casamentiss faiz malandris se pirulitá. A ordem dos tratores não altera o pão duris. Praesent malesuada urna nisi, quis volutpat erat hendrerit non. Nam vulputate dapibus. Si num tem leite então bota uma pinga aí cumpadi!'),
	(43, 15, 'José', 3.30, 'Mussum Ipsum, cacilds vidis litro abertis. Quem manda na minha terra sou euzis! Si u mundo tá muito paradis? Toma um mé que o mundo vai girarzis! Quem num gosta di mé, boa gentis num é. In elementis mé pra quem é amistosis quis leo.'),
	(44, 15, 'Gabriel', 4.40, 'Mussum Ipsum, cacilds vidis litro abertis. Casamentiss faiz malandris se pirulitá. A ordem dos tratores não altera o pão duris. Praesent malesuada urna nisi, quis volutpat erat hendrerit non. Nam vulputate dapibus. Si num tem leite então bota uma pinga aí cumpadi!'),
	(45, 15, 'Francisco', 4.40, 'Mussum Ipsum, cacilds vidis litro abertis. Paisis, filhis, espiritis santis. Detraxit consequat et quo num tendi nada. Quem manda na minha terra sou euzis! Mé faiz elementum girarzis, nisi eros vermeio.'),
	(46, 16, 'Thais', 2.40, 'Mussum Ipsum, cacilds vidis litro abertis. Paisis, filhis, espiritis santis. Detraxit consequat et quo num tendi nada. Quem manda na minha terra sou euzis! Mé faiz elementum girarzis, nisi eros vermeio.'),
	(47, 16, 'Gabriela', 3.80, 'Mussum Ipsum, cacilds vidis litro abertis. Paisis, filhis, espiritis santis. Detraxit consequat et quo num tendi nada. Quem manda na minha terra sou euzis! Mé faiz elementum girarzis, nisi eros vermeio.'),
	(48, 16, 'Pedro', 3.10, 'Mussum Ipsum, cacilds vidis litro abertis. Quem manda na minha terra sou euzis! Si u mundo tá muito paradis? Toma um mé que o mundo vai girarzis! Quem num gosta di mé, boa gentis num é. In elementis mé pra quem é amistosis quis leo.'),
	(49, 17, 'Paulo', 2.00, 'Mussum Ipsum, cacilds vidis litro abertis. Paisis, filhis, espiritis santis. Detraxit consequat et quo num tendi nada. Quem manda na minha terra sou euzis! Mé faiz elementum girarzis, nisi eros vermeio.'),
	(50, 17, 'Leticia', 4.10, 'Mussum Ipsum, cacilds vidis litro abertis. Vehicula non. Ut sed ex eros. Vivamus sit amet nibh non tellus tristique interdum. Em pé sem cair, deitado sem dormir, sentado sem cochilar e fazendo pose. Atirei o pau no gatis, per gatis num morreus. Per aumento de cachacis, eu reclamis.'),
	(51, 17, 'Gabriel', 2.60, 'Mussum Ipsum, cacilds vidis litro abertis. Vehicula non. Ut sed ex eros. Vivamus sit amet nibh non tellus tristique interdum. Em pé sem cair, deitado sem dormir, sentado sem cochilar e fazendo pose. Atirei o pau no gatis, per gatis num morreus. Per aumento de cachacis, eu reclamis.'),
	(52, 18, 'Amanda', 4.70, 'Mussum Ipsum, cacilds vidis litro abertis. Paisis, filhis, espiritis santis. Detraxit consequat et quo num tendi nada. Quem manda na minha terra sou euzis! Mé faiz elementum girarzis, nisi eros vermeio.'),
	(53, 18, 'Pedro', 3.90, 'Mussum Ipsum, cacilds vidis litro abertis. Cevadis im ampola pa arma uma pindureta. Suco de cevadiss, é um leite divinis, qui tem lupuliz, matis, aguis e fermentis. Interagi no mé, cursus quis, vehicula ac nisi. A ordem dos tratores não altera o pão duris.'),
	(54, 18, 'Leticia', 4.90, 'Mussum Ipsum, cacilds vidis litro abertis. Vehicula non. Ut sed ex eros. Vivamus sit amet nibh non tellus tristique interdum. Em pé sem cair, deitado sem dormir, sentado sem cochilar e fazendo pose. Atirei o pau no gatis, per gatis num morreus. Per aumento de cachacis, eu reclamis.'),
	(55, 19, 'Amanda', 2.60, 'Mussum Ipsum, cacilds vidis litro abertis. Vehicula non. Ut sed ex eros. Vivamus sit amet nibh non tellus tristique interdum. Em pé sem cair, deitado sem dormir, sentado sem cochilar e fazendo pose. Atirei o pau no gatis, per gatis num morreus. Per aumento de cachacis, eu reclamis.'),
	(56, 19, 'Amanda', 4.50, 'Mussum Ipsum, cacilds vidis litro abertis. Paisis, filhis, espiritis santis. Detraxit consequat et quo num tendi nada. Quem manda na minha terra sou euzis! Mé faiz elementum girarzis, nisi eros vermeio.'),
	(57, 19, 'Gabriel', 2.00, 'Mussum Ipsum, cacilds vidis litro abertis. Casamentiss faiz malandris se pirulitá. A ordem dos tratores não altera o pão duris. Praesent malesuada urna nisi, quis volutpat erat hendrerit non. Nam vulputate dapibus. Si num tem leite então bota uma pinga aí cumpadi!'),
	(58, 20, 'Gabriela', 3.30, 'Mussum Ipsum, cacilds vidis litro abertis. Quem manda na minha terra sou euzis! Si u mundo tá muito paradis? Toma um mé que o mundo vai girarzis! Quem num gosta di mé, boa gentis num é. In elementis mé pra quem é amistosis quis leo.'),
	(59, 20, 'Leticia', 2.50, 'Mussum Ipsum, cacilds vidis litro abertis. Quem manda na minha terra sou euzis! Si u mundo tá muito paradis? Toma um mé que o mundo vai girarzis! Quem num gosta di mé, boa gentis num é. In elementis mé pra quem é amistosis quis leo.'),
	(60, 20, 'Boniek', 3.80, 'Mussum Ipsum, cacilds vidis litro abertis. Quem manda na minha terra sou euzis! Si u mundo tá muito paradis? Toma um mé que o mundo vai girarzis! Quem num gosta di mé, boa gentis num é. In elementis mé pra quem é amistosis quis leo.'),
	(61, 21, 'Marcelo', 4.70, 'Mussum Ipsum, cacilds vidis litro abertis. Paisis, filhis, espiritis santis. Detraxit consequat et quo num tendi nada. Quem manda na minha terra sou euzis! Mé faiz elementum girarzis, nisi eros vermeio.'),
	(62, 21, 'Boniek', 3.80, 'Mussum Ipsum, cacilds vidis litro abertis. Paisis, filhis, espiritis santis. Detraxit consequat et quo num tendi nada. Quem manda na minha terra sou euzis! Mé faiz elementum girarzis, nisi eros vermeio.'),
	(63, 21, 'Dirce', 4.80, 'Mussum Ipsum, cacilds vidis litro abertis. Vehicula non. Ut sed ex eros. Vivamus sit amet nibh non tellus tristique interdum. Em pé sem cair, deitado sem dormir, sentado sem cochilar e fazendo pose. Atirei o pau no gatis, per gatis num morreus. Per aumento de cachacis, eu reclamis.'),
	(64, 22, 'Amanda', 2.40, 'Mussum Ipsum, cacilds vidis litro abertis. Vehicula non. Ut sed ex eros. Vivamus sit amet nibh non tellus tristique interdum. Em pé sem cair, deitado sem dormir, sentado sem cochilar e fazendo pose. Atirei o pau no gatis, per gatis num morreus. Per aumento de cachacis, eu reclamis.'),
	(65, 22, 'Dirce', 4.90, 'Mussum Ipsum, cacilds vidis litro abertis. Vehicula non. Ut sed ex eros. Vivamus sit amet nibh non tellus tristique interdum. Em pé sem cair, deitado sem dormir, sentado sem cochilar e fazendo pose. Atirei o pau no gatis, per gatis num morreus. Per aumento de cachacis, eu reclamis.'),
	(66, 22, 'Jeremias', 4.70, 'Mussum Ipsum, cacilds vidis litro abertis. Casamentiss faiz malandris se pirulitá. A ordem dos tratores não altera o pão duris. Praesent malesuada urna nisi, quis volutpat erat hendrerit non. Nam vulputate dapibus. Si num tem leite então bota uma pinga aí cumpadi!'),
	(67, 23, 'Gabriela', 3.50, 'Mussum Ipsum, cacilds vidis litro abertis. Paisis, filhis, espiritis santis. Detraxit consequat et quo num tendi nada. Quem manda na minha terra sou euzis! Mé faiz elementum girarzis, nisi eros vermeio.'),
	(68, 23, 'José', 4.60, 'Mussum Ipsum, cacilds vidis litro abertis. Paisis, filhis, espiritis santis. Detraxit consequat et quo num tendi nada. Quem manda na minha terra sou euzis! Mé faiz elementum girarzis, nisi eros vermeio.'),
	(69, 23, 'José', 3.60, 'Mussum Ipsum, cacilds vidis litro abertis. Vehicula non. Ut sed ex eros. Vivamus sit amet nibh non tellus tristique interdum. Em pé sem cair, deitado sem dormir, sentado sem cochilar e fazendo pose. Atirei o pau no gatis, per gatis num morreus. Per aumento de cachacis, eu reclamis.'),
	(70, 24, 'Dirce', 3.40, 'Mussum Ipsum, cacilds vidis litro abertis. Paisis, filhis, espiritis santis. Detraxit consequat et quo num tendi nada. Quem manda na minha terra sou euzis! Mé faiz elementum girarzis, nisi eros vermeio.'),
	(71, 24, 'Boniek', 2.80, 'Mussum Ipsum, cacilds vidis litro abertis. Cevadis im ampola pa arma uma pindureta. Suco de cevadiss, é um leite divinis, qui tem lupuliz, matis, aguis e fermentis. Interagi no mé, cursus quis, vehicula ac nisi. A ordem dos tratores não altera o pão duris.'),
	(72, 24, 'Luiz', 4.30, 'Mussum Ipsum, cacilds vidis litro abertis. Casamentiss faiz malandris se pirulitá. A ordem dos tratores não altera o pão duris. Praesent malesuada urna nisi, quis volutpat erat hendrerit non. Nam vulputate dapibus. Si num tem leite então bota uma pinga aí cumpadi!'),
	(73, 25, 'Paulo', 3.10, 'Mussum Ipsum, cacilds vidis litro abertis. Quem manda na minha terra sou euzis! Si u mundo tá muito paradis? Toma um mé que o mundo vai girarzis! Quem num gosta di mé, boa gentis num é. In elementis mé pra quem é amistosis quis leo.'),
	(74, 25, 'Luiz', 4.60, 'Mussum Ipsum, cacilds vidis litro abertis. Cevadis im ampola pa arma uma pindureta. Suco de cevadiss, é um leite divinis, qui tem lupuliz, matis, aguis e fermentis. Interagi no mé, cursus quis, vehicula ac nisi. A ordem dos tratores não altera o pão duris.'),
	(75, 25, 'Jeremias', 2.80, 'Mussum Ipsum, cacilds vidis litro abertis. Quem manda na minha terra sou euzis! Si u mundo tá muito paradis? Toma um mé que o mundo vai girarzis! Quem num gosta di mé, boa gentis num é. In elementis mé pra quem é amistosis quis leo.'),
	(76, 26, 'Francisco', 2.30, 'Mussum Ipsum, cacilds vidis litro abertis. Quem manda na minha terra sou euzis! Si u mundo tá muito paradis? Toma um mé que o mundo vai girarzis! Quem num gosta di mé, boa gentis num é. In elementis mé pra quem é amistosis quis leo.'),
	(77, 26, 'José', 3.70, 'Mussum Ipsum, cacilds vidis litro abertis. Vehicula non. Ut sed ex eros. Vivamus sit amet nibh non tellus tristique interdum. Em pé sem cair, deitado sem dormir, sentado sem cochilar e fazendo pose. Atirei o pau no gatis, per gatis num morreus. Per aumento de cachacis, eu reclamis.'),
	(78, 26, 'Boniek', 3.70, 'Mussum Ipsum, cacilds vidis litro abertis. Cevadis im ampola pa arma uma pindureta. Suco de cevadiss, é um leite divinis, qui tem lupuliz, matis, aguis e fermentis. Interagi no mé, cursus quis, vehicula ac nisi. A ordem dos tratores não altera o pão duris.'),
	(79, 27, 'Thais', 2.20, 'Mussum Ipsum, cacilds vidis litro abertis. Paisis, filhis, espiritis santis. Detraxit consequat et quo num tendi nada. Quem manda na minha terra sou euzis! Mé faiz elementum girarzis, nisi eros vermeio.'),
	(80, 27, 'Jeremias', 4.60, 'Mussum Ipsum, cacilds vidis litro abertis. Cevadis im ampola pa arma uma pindureta. Suco de cevadiss, é um leite divinis, qui tem lupuliz, matis, aguis e fermentis. Interagi no mé, cursus quis, vehicula ac nisi. A ordem dos tratores não altera o pão duris.'),
	(81, 27, 'Gabriel', 2.50, 'Mussum Ipsum, cacilds vidis litro abertis. Casamentiss faiz malandris se pirulitá. A ordem dos tratores não altera o pão duris. Praesent malesuada urna nisi, quis volutpat erat hendrerit non. Nam vulputate dapibus. Si num tem leite então bota uma pinga aí cumpadi!'),
	(82, 28, 'Diogo', 2.30, 'Mussum Ipsum, cacilds vidis litro abertis. Vehicula non. Ut sed ex eros. Vivamus sit amet nibh non tellus tristique interdum. Em pé sem cair, deitado sem dormir, sentado sem cochilar e fazendo pose. Atirei o pau no gatis, per gatis num morreus. Per aumento de cachacis, eu reclamis.'),
	(83, 28, 'Boniek', 4.50, 'Mussum Ipsum, cacilds vidis litro abertis. Casamentiss faiz malandris se pirulitá. A ordem dos tratores não altera o pão duris. Praesent malesuada urna nisi, quis volutpat erat hendrerit non. Nam vulputate dapibus. Si num tem leite então bota uma pinga aí cumpadi!'),
	(84, 28, 'Leticia', 3.20, 'Mussum Ipsum, cacilds vidis litro abertis. Vehicula non. Ut sed ex eros. Vivamus sit amet nibh non tellus tristique interdum. Em pé sem cair, deitado sem dormir, sentado sem cochilar e fazendo pose. Atirei o pau no gatis, per gatis num morreus. Per aumento de cachacis, eu reclamis.'),
	(85, 29, 'Boniek', 3.20, 'Mussum Ipsum, cacilds vidis litro abertis. Cevadis im ampola pa arma uma pindureta. Suco de cevadiss, é um leite divinis, qui tem lupuliz, matis, aguis e fermentis. Interagi no mé, cursus quis, vehicula ac nisi. A ordem dos tratores não altera o pão duris.'),
	(86, 29, 'Leticia', 3.40, 'Mussum Ipsum, cacilds vidis litro abertis. Casamentiss faiz malandris se pirulitá. A ordem dos tratores não altera o pão duris. Praesent malesuada urna nisi, quis volutpat erat hendrerit non. Nam vulputate dapibus. Si num tem leite então bota uma pinga aí cumpadi!'),
	(87, 29, 'Francisco', 3.10, 'Mussum Ipsum, cacilds vidis litro abertis. Casamentiss faiz malandris se pirulitá. A ordem dos tratores não altera o pão duris. Praesent malesuada urna nisi, quis volutpat erat hendrerit non. Nam vulputate dapibus. Si num tem leite então bota uma pinga aí cumpadi!'),
	(88, 30, 'Luiz', 4.90, 'Mussum Ipsum, cacilds vidis litro abertis. Cevadis im ampola pa arma uma pindureta. Suco de cevadiss, é um leite divinis, qui tem lupuliz, matis, aguis e fermentis. Interagi no mé, cursus quis, vehicula ac nisi. A ordem dos tratores não altera o pão duris.'),
	(89, 30, 'Gabriel', 4.00, 'Mussum Ipsum, cacilds vidis litro abertis. Paisis, filhis, espiritis santis. Detraxit consequat et quo num tendi nada. Quem manda na minha terra sou euzis! Mé faiz elementum girarzis, nisi eros vermeio.'),
	(90, 30, 'Thais', 4.70, 'Mussum Ipsum, cacilds vidis litro abertis. Casamentiss faiz malandris se pirulitá. A ordem dos tratores não altera o pão duris. Praesent malesuada urna nisi, quis volutpat erat hendrerit non. Nam vulputate dapibus. Si num tem leite então bota uma pinga aí cumpadi!'),
	(91, 31, 'Paulo', 2.80, 'Mussum Ipsum, cacilds vidis litro abertis. Vehicula non. Ut sed ex eros. Vivamus sit amet nibh non tellus tristique interdum. Em pé sem cair, deitado sem dormir, sentado sem cochilar e fazendo pose. Atirei o pau no gatis, per gatis num morreus. Per aumento de cachacis, eu reclamis.'),
	(92, 31, 'Amanda', 2.80, 'Mussum Ipsum, cacilds vidis litro abertis. Casamentiss faiz malandris se pirulitá. A ordem dos tratores não altera o pão duris. Praesent malesuada urna nisi, quis volutpat erat hendrerit non. Nam vulputate dapibus. Si num tem leite então bota uma pinga aí cumpadi!'),
	(93, 31, 'Luiz', 3.10, 'Mussum Ipsum, cacilds vidis litro abertis. Casamentiss faiz malandris se pirulitá. A ordem dos tratores não altera o pão duris. Praesent malesuada urna nisi, quis volutpat erat hendrerit non. Nam vulputate dapibus. Si num tem leite então bota uma pinga aí cumpadi!'),
	(94, 32, 'Gabriela', 4.90, 'Mussum Ipsum, cacilds vidis litro abertis. Cevadis im ampola pa arma uma pindureta. Suco de cevadiss, é um leite divinis, qui tem lupuliz, matis, aguis e fermentis. Interagi no mé, cursus quis, vehicula ac nisi. A ordem dos tratores não altera o pão duris.'),
	(95, 32, 'Jeremias', 3.20, 'Mussum Ipsum, cacilds vidis litro abertis. Casamentiss faiz malandris se pirulitá. A ordem dos tratores não altera o pão duris. Praesent malesuada urna nisi, quis volutpat erat hendrerit non. Nam vulputate dapibus. Si num tem leite então bota uma pinga aí cumpadi!'),
	(96, 32, 'Gabriela', 4.20, 'Mussum Ipsum, cacilds vidis litro abertis. Quem manda na minha terra sou euzis! Si u mundo tá muito paradis? Toma um mé que o mundo vai girarzis! Quem num gosta di mé, boa gentis num é. In elementis mé pra quem é amistosis quis leo.'),
	(97, 33, 'Gabriela', 2.90, 'Mussum Ipsum, cacilds vidis litro abertis. Cevadis im ampola pa arma uma pindureta. Suco de cevadiss, é um leite divinis, qui tem lupuliz, matis, aguis e fermentis. Interagi no mé, cursus quis, vehicula ac nisi. A ordem dos tratores não altera o pão duris.'),
	(98, 33, 'Marcelo', 2.50, 'Mussum Ipsum, cacilds vidis litro abertis. Quem manda na minha terra sou euzis! Si u mundo tá muito paradis? Toma um mé que o mundo vai girarzis! Quem num gosta di mé, boa gentis num é. In elementis mé pra quem é amistosis quis leo.'),
	(99, 33, 'Gabriela', 4.40, 'Mussum Ipsum, cacilds vidis litro abertis. Quem manda na minha terra sou euzis! Si u mundo tá muito paradis? Toma um mé que o mundo vai girarzis! Quem num gosta di mé, boa gentis num é. In elementis mé pra quem é amistosis quis leo.'),
	(100, 34, 'Boniek', 2.90, 'Mussum Ipsum, cacilds vidis litro abertis. Vehicula non. Ut sed ex eros. Vivamus sit amet nibh non tellus tristique interdum. Em pé sem cair, deitado sem dormir, sentado sem cochilar e fazendo pose. Atirei o pau no gatis, per gatis num morreus. Per aumento de cachacis, eu reclamis.'),
	(101, 34, 'Luiz', 3.90, 'Mussum Ipsum, cacilds vidis litro abertis. Paisis, filhis, espiritis santis. Detraxit consequat et quo num tendi nada. Quem manda na minha terra sou euzis! Mé faiz elementum girarzis, nisi eros vermeio.'),
	(102, 34, 'Thais', 3.50, 'Mussum Ipsum, cacilds vidis litro abertis. Cevadis im ampola pa arma uma pindureta. Suco de cevadiss, é um leite divinis, qui tem lupuliz, matis, aguis e fermentis. Interagi no mé, cursus quis, vehicula ac nisi. A ordem dos tratores não altera o pão duris.'),
	(103, 35, 'Thais', 3.60, 'Mussum Ipsum, cacilds vidis litro abertis. Paisis, filhis, espiritis santis. Detraxit consequat et quo num tendi nada. Quem manda na minha terra sou euzis! Mé faiz elementum girarzis, nisi eros vermeio.'),
	(104, 35, 'Luiz', 3.10, 'Mussum Ipsum, cacilds vidis litro abertis. Paisis, filhis, espiritis santis. Detraxit consequat et quo num tendi nada. Quem manda na minha terra sou euzis! Mé faiz elementum girarzis, nisi eros vermeio.'),
	(105, 35, 'Gabriel', 3.30, 'Mussum Ipsum, cacilds vidis litro abertis. Vehicula non. Ut sed ex eros. Vivamus sit amet nibh non tellus tristique interdum. Em pé sem cair, deitado sem dormir, sentado sem cochilar e fazendo pose. Atirei o pau no gatis, per gatis num morreus. Per aumento de cachacis, eu reclamis.'),
	(106, 36, 'Luiz', 2.30, 'Mussum Ipsum, cacilds vidis litro abertis. Cevadis im ampola pa arma uma pindureta. Suco de cevadiss, é um leite divinis, qui tem lupuliz, matis, aguis e fermentis. Interagi no mé, cursus quis, vehicula ac nisi. A ordem dos tratores não altera o pão duris.'),
	(107, 36, 'Gabriel', 4.80, 'Mussum Ipsum, cacilds vidis litro abertis. Vehicula non. Ut sed ex eros. Vivamus sit amet nibh non tellus tristique interdum. Em pé sem cair, deitado sem dormir, sentado sem cochilar e fazendo pose. Atirei o pau no gatis, per gatis num morreus. Per aumento de cachacis, eu reclamis.'),
	(108, 36, 'Paulo', 3.50, 'Mussum Ipsum, cacilds vidis litro abertis. Cevadis im ampola pa arma uma pindureta. Suco de cevadiss, é um leite divinis, qui tem lupuliz, matis, aguis e fermentis. Interagi no mé, cursus quis, vehicula ac nisi. A ordem dos tratores não altera o pão duris.'),
	(109, 37, 'Pedro', 4.90, 'Mussum Ipsum, cacilds vidis litro abertis. Cevadis im ampola pa arma uma pindureta. Suco de cevadiss, é um leite divinis, qui tem lupuliz, matis, aguis e fermentis. Interagi no mé, cursus quis, vehicula ac nisi. A ordem dos tratores não altera o pão duris.'),
	(110, 37, 'Boniek', 3.80, 'Mussum Ipsum, cacilds vidis litro abertis. Casamentiss faiz malandris se pirulitá. A ordem dos tratores não altera o pão duris. Praesent malesuada urna nisi, quis volutpat erat hendrerit non. Nam vulputate dapibus. Si num tem leite então bota uma pinga aí cumpadi!'),
	(111, 37, 'Marcelo', 2.10, 'Mussum Ipsum, cacilds vidis litro abertis. Paisis, filhis, espiritis santis. Detraxit consequat et quo num tendi nada. Quem manda na minha terra sou euzis! Mé faiz elementum girarzis, nisi eros vermeio.'),
	(112, 38, 'Amanda', 2.50, 'Mussum Ipsum, cacilds vidis litro abertis. Paisis, filhis, espiritis santis. Detraxit consequat et quo num tendi nada. Quem manda na minha terra sou euzis! Mé faiz elementum girarzis, nisi eros vermeio.'),
	(113, 38, 'Thais', 4.70, 'Mussum Ipsum, cacilds vidis litro abertis. Vehicula non. Ut sed ex eros. Vivamus sit amet nibh non tellus tristique interdum. Em pé sem cair, deitado sem dormir, sentado sem cochilar e fazendo pose. Atirei o pau no gatis, per gatis num morreus. Per aumento de cachacis, eu reclamis.'),
	(114, 38, 'Leticia', 3.70, 'Mussum Ipsum, cacilds vidis litro abertis. Vehicula non. Ut sed ex eros. Vivamus sit amet nibh non tellus tristique interdum. Em pé sem cair, deitado sem dormir, sentado sem cochilar e fazendo pose. Atirei o pau no gatis, per gatis num morreus. Per aumento de cachacis, eu reclamis.'),
	(115, 39, 'Amanda', 2.80, 'Mussum Ipsum, cacilds vidis litro abertis. Vehicula non. Ut sed ex eros. Vivamus sit amet nibh non tellus tristique interdum. Em pé sem cair, deitado sem dormir, sentado sem cochilar e fazendo pose. Atirei o pau no gatis, per gatis num morreus. Per aumento de cachacis, eu reclamis.'),
	(116, 39, 'Paulo', 4.10, 'Mussum Ipsum, cacilds vidis litro abertis. Quem manda na minha terra sou euzis! Si u mundo tá muito paradis? Toma um mé que o mundo vai girarzis! Quem num gosta di mé, boa gentis num é. In elementis mé pra quem é amistosis quis leo.'),
	(117, 39, 'Jeremias', 2.70, 'Mussum Ipsum, cacilds vidis litro abertis. Casamentiss faiz malandris se pirulitá. A ordem dos tratores não altera o pão duris. Praesent malesuada urna nisi, quis volutpat erat hendrerit non. Nam vulputate dapibus. Si num tem leite então bota uma pinga aí cumpadi!'),
	(118, 40, 'José', 2.10, 'Mussum Ipsum, cacilds vidis litro abertis. Quem manda na minha terra sou euzis! Si u mundo tá muito paradis? Toma um mé que o mundo vai girarzis! Quem num gosta di mé, boa gentis num é. In elementis mé pra quem é amistosis quis leo.'),
	(119, 40, 'Jeremias', 3.70, 'Mussum Ipsum, cacilds vidis litro abertis. Quem manda na minha terra sou euzis! Si u mundo tá muito paradis? Toma um mé que o mundo vai girarzis! Quem num gosta di mé, boa gentis num é. In elementis mé pra quem é amistosis quis leo.'),
	(120, 40, 'Boniek', 4.40, 'Mussum Ipsum, cacilds vidis litro abertis. Cevadis im ampola pa arma uma pindureta. Suco de cevadiss, é um leite divinis, qui tem lupuliz, matis, aguis e fermentis. Interagi no mé, cursus quis, vehicula ac nisi. A ordem dos tratores não altera o pão duris.'),
	(121, 41, 'Leticia', 2.60, 'Mussum Ipsum, cacilds vidis litro abertis. Casamentiss faiz malandris se pirulitá. A ordem dos tratores não altera o pão duris. Praesent malesuada urna nisi, quis volutpat erat hendrerit non. Nam vulputate dapibus. Si num tem leite então bota uma pinga aí cumpadi!'),
	(122, 41, 'Pedro', 2.90, 'Mussum Ipsum, cacilds vidis litro abertis. Paisis, filhis, espiritis santis. Detraxit consequat et quo num tendi nada. Quem manda na minha terra sou euzis! Mé faiz elementum girarzis, nisi eros vermeio.'),
	(123, 41, 'Thais', 4.90, 'Mussum Ipsum, cacilds vidis litro abertis. Vehicula non. Ut sed ex eros. Vivamus sit amet nibh non tellus tristique interdum. Em pé sem cair, deitado sem dormir, sentado sem cochilar e fazendo pose. Atirei o pau no gatis, per gatis num morreus. Per aumento de cachacis, eu reclamis.'),
	(124, 42, 'Thais', 3.70, 'Mussum Ipsum, cacilds vidis litro abertis. Quem manda na minha terra sou euzis! Si u mundo tá muito paradis? Toma um mé que o mundo vai girarzis! Quem num gosta di mé, boa gentis num é. In elementis mé pra quem é amistosis quis leo.'),
	(125, 42, 'Thais', 4.60, 'Mussum Ipsum, cacilds vidis litro abertis. Quem manda na minha terra sou euzis! Si u mundo tá muito paradis? Toma um mé que o mundo vai girarzis! Quem num gosta di mé, boa gentis num é. In elementis mé pra quem é amistosis quis leo.'),
	(126, 42, 'Francisco', 4.80, 'Mussum Ipsum, cacilds vidis litro abertis. Casamentiss faiz malandris se pirulitá. A ordem dos tratores não altera o pão duris. Praesent malesuada urna nisi, quis volutpat erat hendrerit non. Nam vulputate dapibus. Si num tem leite então bota uma pinga aí cumpadi!'),
	(127, 43, 'Diogo', 4.50, 'Mussum Ipsum, cacilds vidis litro abertis. Vehicula non. Ut sed ex eros. Vivamus sit amet nibh non tellus tristique interdum. Em pé sem cair, deitado sem dormir, sentado sem cochilar e fazendo pose. Atirei o pau no gatis, per gatis num morreus. Per aumento de cachacis, eu reclamis.'),
	(128, 43, 'Amanda', 2.80, 'Mussum Ipsum, cacilds vidis litro abertis. Quem manda na minha terra sou euzis! Si u mundo tá muito paradis? Toma um mé que o mundo vai girarzis! Quem num gosta di mé, boa gentis num é. In elementis mé pra quem é amistosis quis leo.'),
	(129, 43, 'Amanda', 4.90, 'Mussum Ipsum, cacilds vidis litro abertis. Paisis, filhis, espiritis santis. Detraxit consequat et quo num tendi nada. Quem manda na minha terra sou euzis! Mé faiz elementum girarzis, nisi eros vermeio.'),
	(130, 44, 'Pedro', 3.10, 'Mussum Ipsum, cacilds vidis litro abertis. Paisis, filhis, espiritis santis. Detraxit consequat et quo num tendi nada. Quem manda na minha terra sou euzis! Mé faiz elementum girarzis, nisi eros vermeio.'),
	(131, 44, 'Thais', 3.60, 'Mussum Ipsum, cacilds vidis litro abertis. Casamentiss faiz malandris se pirulitá. A ordem dos tratores não altera o pão duris. Praesent malesuada urna nisi, quis volutpat erat hendrerit non. Nam vulputate dapibus. Si num tem leite então bota uma pinga aí cumpadi!'),
	(132, 44, 'Gabriela', 3.00, 'Mussum Ipsum, cacilds vidis litro abertis. Cevadis im ampola pa arma uma pindureta. Suco de cevadiss, é um leite divinis, qui tem lupuliz, matis, aguis e fermentis. Interagi no mé, cursus quis, vehicula ac nisi. A ordem dos tratores não altera o pão duris.'),
	(133, 45, 'Diogo', 2.20, 'Mussum Ipsum, cacilds vidis litro abertis. Casamentiss faiz malandris se pirulitá. A ordem dos tratores não altera o pão duris. Praesent malesuada urna nisi, quis volutpat erat hendrerit non. Nam vulputate dapibus. Si num tem leite então bota uma pinga aí cumpadi!'),
	(134, 45, 'Gabriel', 4.90, 'Mussum Ipsum, cacilds vidis litro abertis. Casamentiss faiz malandris se pirulitá. A ordem dos tratores não altera o pão duris. Praesent malesuada urna nisi, quis volutpat erat hendrerit non. Nam vulputate dapibus. Si num tem leite então bota uma pinga aí cumpadi!'),
	(135, 45, 'Jeremias', 4.70, 'Mussum Ipsum, cacilds vidis litro abertis. Cevadis im ampola pa arma uma pindureta. Suco de cevadiss, é um leite divinis, qui tem lupuliz, matis, aguis e fermentis. Interagi no mé, cursus quis, vehicula ac nisi. A ordem dos tratores não altera o pão duris.');
/*!40000 ALTER TABLE `barbertestimonials` ENABLE KEYS */;

-- Copiando estrutura para tabela devbarber.migrations
CREATE TABLE IF NOT EXISTS `migrations` (
  `id` int(10) unsigned NOT NULL AUTO_INCREMENT,
  `migration` varchar(255) COLLATE utf8mb4_unicode_ci NOT NULL,
  `batch` int(11) NOT NULL,
  PRIMARY KEY (`id`)
) ENGINE=InnoDB AUTO_INCREMENT=2 DEFAULT CHARSET=utf8mb4 COLLATE=utf8mb4_unicode_ci;

-- Copiando dados para a tabela devbarber.migrations: ~0 rows (aproximadamente)
/*!40000 ALTER TABLE `migrations` DISABLE KEYS */;
INSERT INTO `migrations` (`id`, `migration`, `batch`) VALUES
	(1, '2020_09_25_160435_create_all_tables', 1);
/*!40000 ALTER TABLE `migrations` ENABLE KEYS */;

-- Copiando estrutura para tabela devbarber.userappointments
CREATE TABLE IF NOT EXISTS `userappointments` (
  `id` bigint(20) unsigned NOT NULL AUTO_INCREMENT,
  `id_user` int(11) NOT NULL,
  `id_barber` int(11) NOT NULL,
  `ap_datetime` datetime NOT NULL,
  PRIMARY KEY (`id`)
) ENGINE=InnoDB AUTO_INCREMENT=2 DEFAULT CHARSET=utf8mb4 COLLATE=utf8mb4_unicode_ci;

-- Copiando dados para a tabela devbarber.userappointments: ~1 rows (aproximadamente)
/*!40000 ALTER TABLE `userappointments` DISABLE KEYS */;
INSERT INTO `userappointments` (`id`, `id_user`, `id_barber`, `ap_datetime`) VALUES
	(1, 6, 10, '2020-09-28 10:00:00');
/*!40000 ALTER TABLE `userappointments` ENABLE KEYS */;

-- Copiando estrutura para tabela devbarber.userfavorites
CREATE TABLE IF NOT EXISTS `userfavorites` (
  `id` bigint(20) unsigned NOT NULL AUTO_INCREMENT,
  `id_user` int(11) NOT NULL,
  `id_barber` int(11) NOT NULL,
  PRIMARY KEY (`id`)
) ENGINE=InnoDB AUTO_INCREMENT=2 DEFAULT CHARSET=utf8mb4 COLLATE=utf8mb4_unicode_ci;

-- Copiando dados para a tabela devbarber.userfavorites: ~1 rows (aproximadamente)
/*!40000 ALTER TABLE `userfavorites` DISABLE KEYS */;
INSERT INTO `userfavorites` (`id`, `id_user`, `id_barber`) VALUES
	(1, 6, 11);
/*!40000 ALTER TABLE `userfavorites` ENABLE KEYS */;

-- Copiando estrutura para tabela devbarber.users
CREATE TABLE IF NOT EXISTS `users` (
  `id` bigint(20) unsigned NOT NULL AUTO_INCREMENT,
  `name` varchar(255) COLLATE utf8mb4_unicode_ci NOT NULL,
  `avatar` varchar(255) COLLATE utf8mb4_unicode_ci NOT NULL DEFAULT 'default.png',
  `email` varchar(255) COLLATE utf8mb4_unicode_ci NOT NULL,
  `password` varchar(255) COLLATE utf8mb4_unicode_ci NOT NULL,
  PRIMARY KEY (`id`),
  UNIQUE KEY `users_email_unique` (`email`)
) ENGINE=InnoDB AUTO_INCREMENT=7 DEFAULT CHARSET=utf8mb4 COLLATE=utf8mb4_unicode_ci;

-- Copiando dados para a tabela devbarber.users: ~0 rows (aproximadamente)
/*!40000 ALTER TABLE `users` DISABLE KEYS */;
INSERT INTO `users` (`id`, `name`, `avatar`, `email`, `password`) VALUES
	(6, 'Winicius', 'default.png', 'winifidelis@gmail.com', '$2y$10$kIoFmgOjTMu.KPzL52gJjejF02smuu5FLOMANv0DHBKYLIfhEYZW2');
/*!40000 ALTER TABLE `users` ENABLE KEYS */;

/*!40101 SET SQL_MODE=IFNULL(@OLD_SQL_MODE, '') */;
/*!40014 SET FOREIGN_KEY_CHECKS=IF(@OLD_FOREIGN_KEY_CHECKS IS NULL, 1, @OLD_FOREIGN_KEY_CHECKS) */;
/*!40101 SET CHARACTER_SET_CLIENT=@OLD_CHARACTER_SET_CLIENT */;
